date,close,name
2023-01-01,100.0,crypto30_market_cap_weighted
2023-01-02,100.90625735677803,crypto30_market_cap_weighted
2023-01-03,101.3227804031839,crypto30_market_cap_weighted
2023-01-04,102.90983976157118,crypto30_market_cap_weighted
2023-01-05,102.54950203362627,crypto30_market_cap_weighted
2023-01-06,103.4250888078367,crypto30_market_cap_weighted
2023-01-07,103.27574147065175,crypto30_market_cap_weighted
2023-01-08,105.01836232099386,crypto30_market_cap_weighted
2023-01-09,106.00866882386613,crypto30_market_cap_weighted
2023-01-10,107.46426187392805,crypto30_market_cap_weighted
2023-01-11,110.7957042168926,crypto30_market_cap_weighted
2023-01-12,115.30187195796147,crypto30_market_cap_weighted
2023-01-13,121.18889106211819,crypto30_market_cap_weighted
2023-01-14,128.17442137525944,crypto30_market_cap_weighted
2023-01-15,127.4519333739123,crypto30_market_cap_weighted
2023-01-16,129.09128384122573,crypto30_market_cap_weighted
2023-01-17,128.6431334883327,crypto30_market_cap_weighted
2023-01-18,125.19505676783767,crypto30_market_cap_weighted
2023-01-19,127.90692548868927,crypto30_market_cap_weighted
2023-01-20,137.42398661728637,crypto30_market_cap_weighted
2023-01-21,137.18427512908113,crypto30_market_cap_weighted
2023-01-22,136.94245596047915,crypto30_market_cap_weighted
2023-01-23,138.3029148517335,crypto30_market_cap_weighted
2023-01-24,135.5160011288972,crypto30_market_cap_weighted
2023-01-25,138.7143769372008,crypto30_market_cap_weighted
2023-01-26,138.2400110340461,crypto30_market_cap_weighted
2023-01-27,138.78760390381487,crypto30_market_cap_weighted
2023-01-28,138.05377926440391,crypto30_market_cap_weighted
2023-01-29,142.67469337939073,crypto30_market_cap_weighted
2023-01-30,136.8628215933765,crypto30_market_cap_weighted
2023-01-31,138.75929482919494,crypto30_market_cap_weighted
2023-02-01,142.48740419856563,crypto30_market_cap_weighted
2023-02-02,141.39375234616892,crypto30_market_cap_weighted
2023-02-03,141.70642617980496,crypto30_market_cap_weighted
2023-02-04,141.18807205177683,crypto30_market_cap_weighted
2023-02-05,138.60689693253286,crypto30_market_cap_weighted
2023-02-06,137.30096762889926,crypto30_market_cap_weighted
2023-02-07,140.76063464630138,crypto30_market_cap_weighted
2023-02-08,139.0398311154949,crypto30_market_cap_weighted
2023-02-09,131.4065897614336,crypto30_market_cap_weighted
2023-02-10,130.2685818992967,crypto30_market_cap_weighted
2023-02-11,131.89500549472248,crypto30_market_cap_weighted
2023-02-12,131.27770104565545,crypto30_market_cap_weighted
2023-02-13,130.67815268458105,crypto30_market_cap_weighted
2023-02-14,133.59241395209744,crypto30_market_cap_weighted
2023-02-15,145.42656615853636,crypto30_market_cap_weighted
2023-02-16,140.45519479609385,crypto30_market_cap_weighted
2023-02-17,146.38816897956343,crypto30_market_cap_weighted
2023-02-18,146.79597240076575,crypto30_market_cap_weighted
2023-02-19,145.11501761003424,crypto30_market_cap_weighted
2023-02-20,148.4244136149737,crypto30_market_cap_weighted
2023-02-21,145.7293430393613,crypto30_market_cap_weighted
2023-02-22,144.3030872207889,crypto30_market_cap_weighted
2023-02-23,143.08013198350864,crypto30_market_cap_weighted
2023-02-24,138.7320841425247,crypto30_market_cap_weighted
2023-02-25,138.31813927649927,crypto30_market_cap_weighted
2023-02-26,140.91447440616562,crypto30_market_cap_weighted
2023-02-27,140.33530284862294,crypto30_market_cap_weighted
2023-02-28,138.20404438095187,crypto30_market_cap_weighted
2023-03-01,141.31746998228306,crypto30_market_cap_weighted
2023-03-02,140.09804810539416,crypto30_market_cap_weighted
2023-03-03,133.96992172444223,crypto30_market_cap_weighted
2023-03-04,133.6607387709615,crypto30_market_cap_weighted
2023-03-05,133.90887848909034,crypto30_market_cap_weighted
2023-03-06,133.79403225397346,crypto30_market_cap_weighted
2023-03-07,132.88857738104184,crypto30_market_cap_weighted
2023-03-08,130.0264165198576,crypto30_market_cap_weighted
2023-03-09,122.21520727559212,crypto30_market_cap_weighted
2023-03-10,121.31455469157453,crypto30_market_cap_weighted
2023-03-11,122.99496703453777,crypto30_market_cap_weighted
2023-03-12,131.93353274464897,crypto30_market_cap_weighted
2023-03-13,142.66366006507926,crypto30_market_cap_weighted
2023-03-14,145.52930918208816,crypto30_market_cap_weighted
2023-03-15,142.45882144706533,crypto30_market_cap_weighted
2023-03-16,146.41369760859968,crypto30_market_cap_weighted
2023-03-17,158.95050427752875,crypto30_market_cap_weighted
2023-03-18,156.0077257703449,crypto30_market_cap_weighted
2023-03-19,161.2561500717247,crypto30_market_cap_weighted
2023-03-20,159.14926593340402,crypto30_market_cap_weighted
2023-03-21,163.67879448609565,crypto30_market_cap_weighted
2023-03-22,157.7779652304744,crypto30_market_cap_weighted
2023-03-23,164.06457567021178,crypto30_market_cap_weighted
2023-03-24,158.88724216813418,crypto30_market_cap_weighted
2023-03-25,159.00959054008626,crypto30_market_cap_weighted
2023-03-26,161.85508725228772,crypto30_market_cap_weighted
2023-03-27,157.39340270602528,crypto30_market_cap_weighted
2023-03-28,159.38435944540709,crypto30_market_cap_weighted
2023-03-29,164.87853958234408,crypto30_market_cap_weighted
2023-03-30,163.31548315031122,crypto30_market_cap_weighted
2023-03-31,165.90795022061087,crypto30_market_cap_weighted
2023-04-01,165.54829312830825,crypto30_market_cap_weighted
2023-04-02,163.88163266097897,crypto30_market_cap_weighted
2023-04-03,162.4111662242335,crypto30_market_cap_weighted
2023-04-04,164.8475052537702,crypto30_market_cap_weighted
2023-04-05,165.39739332133522,crypto30_market_cap_weighted
2023-04-06,164.12906357574028,crypto30_market_cap_weighted
2023-04-07,163.4892814835241,crypto30_market_cap_weighted
2023-04-08,163.24111816607882,crypto30_market_cap_weighted
2023-04-09,165.15769521997944,crypto30_market_cap_weighted
2023-04-10,171.7717170022623,crypto30_market_cap_weighted
2023-04-11,174.3549142644813,crypto30_market_cap_weighted
2023-04-12,173.25141599784274,crypto30_market_cap_weighted
2023-04-13,176.85605673235898,crypto30_market_cap_weighted
2023-04-14,178.65266922629303,crypto30_market_cap_weighted
2023-04-15,177.80716892089134,crypto30_market_cap_weighted
2023-04-16,178.8348454193986,crypto30_market_cap_weighted
2023-04-17,174.12886686270645,crypto30_market_cap_weighted
2023-04-18,179.08099110770843,crypto30_market_cap_weighted
2023-04-19,168.71251875300646,crypto30_market_cap_weighted
2023-04-20,165.915205474561,crypto30_market_cap_weighted
2023-04-21,160.01451819773087,crypto30_market_cap_weighted
2023-04-22,163.41929891007288,crypto30_market_cap_weighted
2023-04-23,162.07132904280613,crypto30_market_cap_weighted
2023-04-24,161.4201768853884,crypto30_market_cap_weighted
2023-04-25,165.48152043067154,crypto30_market_cap_weighted
2023-04-26,165.464192669337,crypto30_market_cap_weighted
2023-04-27,170.76749006564128,crypto30_market_cap_weighted
2023-04-28,170.16203953463332,crypto30_market_cap_weighted
2023-04-29,170.03263746326368,crypto30_market_cap_weighted
2023-04-30,169.63630946133912,crypto30_market_cap_weighted
2023-05-01,163.86105227394293,crypto30_market_cap_weighted
2023-05-02,166.79280812674108,crypto30_market_cap_weighted
2023-05-03,168.7973360098033,crypto30_market_cap_weighted
2023-05-04,167.4261514025363,crypto30_market_cap_weighted
2023-05-05,172.00027871628635,crypto30_market_cap_weighted
2023-05-06,167.5727734027775,crypto30_market_cap_weighted
2023-05-07,165.25629979064757,crypto30_market_cap_weighted
2023-05-08,160.86031226375965,crypto30_market_cap_weighted
2023-05-09,160.75855455016904,crypto30_market_cap_weighted
2023-05-10,160.71872427889815,crypto30_market_cap_weighted
2023-05-11,156.9353318778586,crypto30_market_cap_weighted
2023-05-12,156.81019352600822,crypto30_market_cap_weighted
2023-05-13,156.47362187477515,crypto30_market_cap_weighted
2023-05-14,157.2578047660743,crypto30_market_cap_weighted
2023-05-15,158.59272892902484,crypto30_market_cap_weighted
2023-05-16,158.2947939295744,crypto30_market_cap_weighted
2023-05-17,160.20935302988215,crypto30_market_cap_weighted
2023-05-18,157.28200940040816,crypto30_market_cap_weighted
2023-05-19,157.78149718867795,crypto30_market_cap_weighted
2023-05-20,158.88923606823127,crypto30_market_cap_weighted
2023-05-21,156.84222246653277,crypto30_market_cap_weighted
2023-05-22,157.62303717672106,crypto30_market_cap_weighted
2023-05-23,159.85106964304111,crypto30_market_cap_weighted
2023-05-24,154.80365720084384,crypto30_market_cap_weighted
2023-05-25,155.44956235045285,crypto30_market_cap_weighted
2023-05-26,156.94088368148815,crypto30_market_cap_weighted
2023-05-27,157.98691467742066,crypto30_market_cap_weighted
2023-05-28,164.45664772775123,crypto30_market_cap_weighted
2023-05-29,162.87914889213556,crypto30_market_cap_weighted
2023-05-30,163.23955566641465,crypto30_market_cap_weighted
2023-05-31,160.55454518126385,crypto30_market_cap_weighted
2023-06-01,158.4757125164503,crypto30_market_cap_weighted
2023-06-02,161.5283213709709,crypto30_market_cap_weighted
2023-06-03,160.51001590162392,crypto30_market_cap_weighted
2023-06-04,160.9764131470108,crypto30_market_cap_weighted
2023-06-05,152.48329745202145,crypto30_market_cap_weighted
2023-06-06,160.25243254134853,crypto30_market_cap_weighted
2023-06-07,154.63198949769193,crypto30_market_cap_weighted
2023-06-08,155.65163858310814,crypto30_market_cap_weighted
2023-06-09,155.14451176238185,crypto30_market_cap_weighted
2023-06-10,149.5992293111079,crypto30_market_cap_weighted
2023-06-11,150.03451687082293,crypto30_market_cap_weighted
2023-06-12,149.78373541500696,crypto30_market_cap_weighted
2023-06-13,150.21282576993002,crypto30_market_cap_weighted
2023-06-14,144.97134957834527,crypto30_market_cap_weighted
2023-06-15,147.1565542792294,crypto30_market_cap_weighted
2023-06-16,151.0351057394822,crypto30_market_cap_weighted
2023-06-17,152.20064446768936,crypto30_market_cap_weighted
2023-06-18,151.324825657592,crypto30_market_cap_weighted
2023-06-19,153.84425168798194,crypto30_market_cap_weighted
2023-06-20,160.90594623471353,crypto30_market_cap_weighted
2023-06-21,169.56298417243488,crypto30_market_cap_weighted
2023-06-22,168.45017776011483,crypto30_market_cap_weighted
2023-06-23,172.69755508682067,crypto30_market_cap_weighted
2023-06-24,171.36111248835596,crypto30_market_cap_weighted
2023-06-25,171.6030898898515,crypto30_market_cap_weighted
2023-06-26,169.97656840430494,crypto30_market_cap_weighted
2023-06-27,172.3855060391,crypto30_market_cap_weighted
2023-06-28,168.2229969238696,crypto30_market_cap_weighted
2023-06-29,170.92555301579242,crypto30_market_cap_weighted
2023-06-30,172.88351249255714,crypto30_market_cap_weighted
2023-07-01,173.53282293064515,crypto30_market_cap_weighted
2023-07-02,174.0891218007939,crypto30_market_cap_weighted
2023-07-03,176.57416806630135,crypto30_market_cap_weighted
2023-07-04,174.46699867486817,crypto30_market_cap_weighted
2023-07-05,172.69570855530472,crypto30_market_cap_weighted
2023-07-06,169.04899470453697,crypto30_market_cap_weighted
2023-07-07,171.90903940906674,crypto30_market_cap_weighted
2023-07-08,171.77767676656836,crypto30_market_cap_weighted
2023-07-09,170.90773145760872,crypto30_market_cap_weighted
2023-07-10,172.6606326980135,crypto30_market_cap_weighted
2023-07-11,173.6878840869828,crypto30_market_cap_weighted
2023-07-12,172.41096774320533,crypto30_market_cap_weighted
2023-07-13,185.39002674980551,crypto30_market_cap_weighted
2023-07-14,178.48651923870597,crypto30_market_cap_weighted
2023-07-15,178.54986407475718,crypto30_market_cap_weighted
2023-07-16,178.07835499144892,crypto30_market_cap_weighted
2023-07-17,177.50426500312116,crypto30_market_cap_weighted
2023-07-18,176.17515589267958,crypto30_market_cap_weighted
2023-07-19,176.98704451324005,crypto30_market_cap_weighted
2023-07-20,176.40437846632108,crypto30_market_cap_weighted
2023-07-21,176.68668593553394,crypto30_market_cap_weighted
2023-07-22,175.3232854100344,crypto30_market_cap_weighted
2023-07-23,177.00530438411397,crypto30_market_cap_weighted
2023-07-24,171.78952440164798,crypto30_market_cap_weighted
2023-07-25,172.23339977735512,crypto30_market_cap_weighted
2023-07-26,173.419839024885,crypto30_market_cap_weighted
2023-07-27,172.8014521214077,crypto30_market_cap_weighted
2023-07-28,173.37291264639703,crypto30_market_cap_weighted
2023-07-29,173.73168371215831,crypto30_market_cap_weighted
2023-07-30,172.84095706189723,crypto30_market_cap_weighted
2023-07-31,172.22704359859156,crypto30_market_cap_weighted
2023-08-01,174.84745980410787,crypto30_market_cap_weighted
2023-08-02,171.3438840940556,crypto30_market_cap_weighted
2023-08-03,170.93730283525258,crypto30_market_cap_weighted
2023-08-04,170.28329884446438,crypto30_market_cap_weighted
2023-08-05,170.19744056597392,crypto30_market_cap_weighted
2023-08-06,170.21095994992456,crypto30_market_cap_weighted
2023-08-07,170.69538155081855,crypto30_market_cap_weighted
2023-08-08,173.95689803342728,crypto30_market_cap_weighted
2023-08-09,173.18696456000833,crypto30_market_cap_weighted
2023-08-10,172.4494858576711,crypto30_market_cap_weighted
2023-08-11,172.18023989510718,crypto30_market_cap_weighted
2023-08-12,172.24651709412083,crypto30_market_cap_weighted
2023-08-13,171.38714340165836,crypto30_market_cap_weighted
2023-08-14,172.3164385860174,crypto30_market_cap_weighted
2023-08-15,170.30889038092846,crypto30_market_cap_weighted
2023-08-16,167.17476472013405,crypto30_market_cap_weighted
2023-08-17,154.7775852768134,crypto30_market_cap_weighted
2023-08-18,152.19350993703236,crypto30_market_cap_weighted
2023-08-19,152.93146750256744,crypto30_market_cap_weighted
2023-08-20,153.7402562475038,crypto30_market_cap_weighted
2023-08-21,152.70414580884912,crypto30_market_cap_weighted
2023-08-22,151.87204296722442,crypto30_market_cap_weighted
2023-08-23,154.70553775975344,crypto30_market_cap_weighted
2023-08-24,153.11499376556273,crypto30_market_cap_weighted
2023-08-25,152.44791236617326,crypto30_market_cap_weighted
2023-08-26,152.08622894979834,crypto30_market_cap_weighted
2023-08-27,152.7640199815433,crypto30_market_cap_weighted
2023-08-28,152.67770117233232,crypto30_market_cap_weighted
2023-08-29,161.19165641108552,crypto30_market_cap_weighted
2023-08-30,158.5548918181663,crypto30_market_cap_weighted
2023-08-31,151.4112856305812,crypto30_market_cap_weighted
2023-09-01,150.25595384440115,crypto30_market_cap_weighted
2023-09-02,150.70200180598064,crypto30_market_cap_weighted
2023-09-03,151.201587545093,crypto30_market_cap_weighted
2023-09-04,150.6171027271868,crypto30_market_cap_weighted
2023-09-05,150.633974090988,crypto30_market_cap_weighted
2023-09-06,150.41824513442938,crypto30_market_cap_weighted
2023-09-07,152.83626766150223,crypto30_market_cap_weighted
2023-09-08,151.0924227883159,crypto30_market_cap_weighted
2023-09-09,150.9685044924572,crypto30_market_cap_weighted
2023-09-10,149.99000048436727,crypto30_market_cap_weighted
2023-09-11,145.6706568984437,crypto30_market_cap_weighted
2023-09-12,149.3602425306994,crypto30_market_cap_weighted
2023-09-13,151.3867387427363,crypto30_market_cap_weighted
2023-09-14,153.16980579404245,crypto30_market_cap_weighted
2023-09-15,154.0147991469395,crypto30_market_cap_weighted
2023-09-16,153.75753635882228,crypto30_market_cap_weighted
2023-09-17,153.24068297624999,crypto30_market_cap_weighted
2023-09-18,154.80562697137688,crypto30_market_cap_weighted
2023-09-19,157.08948652969477,crypto30_market_cap_weighted
2023-09-20,156.491176933672,crypto30_market_cap_weighted
2023-09-21,153.12832575651692,crypto30_market_cap_weighted
2023-09-22,153.39400462220055,crypto30_market_cap_weighted
2023-09-23,153.36744607858114,crypto30_market_cap_weighted
2023-09-24,151.60148644003485,crypto30_market_cap_weighted
2023-09-25,152.14702129546666,crypto30_market_cap_weighted
2023-09-26,151.80622555858244,crypto30_market_cap_weighted
2023-09-27,152.53593306175114,crypto30_market_cap_weighted
2023-09-28,156.40982038162747,crypto30_market_cap_weighted
2023-09-29,156.4125839298395,crypto30_market_cap_weighted
2023-09-30,156.8164309557708,crypto30_market_cap_weighted
2023-10-01,162.7276839854168,crypto30_market_cap_weighted
2023-10-02,159.2339763108433,crypto30_market_cap_weighted
2023-10-03,159.23402844313173,crypto30_market_cap_weighted
2023-10-04,160.4008705906685,crypto30_market_cap_weighted
2023-10-05,158.10412608247321,crypto30_market_cap_weighted
2023-10-06,160.96010295048814,crypto30_market_cap_weighted
2023-10-07,160.81348247109847,crypto30_market_cap_weighted
2023-10-08,160.5116226439584,crypto30_market_cap_weighted
2023-10-09,157.70629041278067,crypto30_market_cap_weighted
2023-10-10,156.71780992262617,crypto30_market_cap_weighted
2023-10-11,154.37765043155036,crypto30_market_cap_weighted
2023-10-12,153.228033142834,crypto30_market_cap_weighted
2023-10-13,154.02621505857553,crypto30_market_cap_weighted
2023-10-14,154.10899568275943,crypto30_market_cap_weighted
2023-10-15,155.53558241572486,crypto30_market_cap_weighted
2023-10-16,162.38461452132827,crypto30_market_cap_weighted
2023-10-17,161.17716909654172,crypto30_market_cap_weighted
2023-10-18,160.67129257512406,crypto30_market_cap_weighted
2023-10-19,163.05956902571904,crypto30_market_cap_weighted
2023-10-20,167.9153758743362,crypto30_market_cap_weighted
2023-10-21,169.98941189960652,crypto30_market_cap_weighted
2023-10-22,171.004574512392,crypto30_market_cap_weighted
2023-10-23,186.41509058279686,crypto30_market_cap_weighted
2023-10-24,189.86308460604505,crypto30_market_cap_weighted
2023-10-25,192.54692345577567,crypto30_market_cap_weighted
2023-10-26,191.50590845577196,crypto30_market_cap_weighted
2023-10-27,189.75532956276905,crypto30_market_cap_weighted
2023-10-28,190.68604566812027,crypto30_market_cap_weighted
2023-10-29,193.21741945543337,crypto30_market_cap_weighted
2023-10-30,193.95768429410168,crypto30_market_cap_weighted
2023-10-31,195.37053859567527,crypto30_market_cap_weighted
2023-11-01,199.8098403583624,crypto30_market_cap_weighted
2023-11-02,197.12334830077984,crypto30_market_cap_weighted
2023-11-03,196.57657420910047,crypto30_market_cap_weighted
2023-11-04,199.0545950965155,crypto30_market_cap_weighted
2023-11-05,200.17878759024688,crypto30_market_cap_weighted
2023-11-06,201.94170280553035,crypto30_market_cap_weighted
2023-11-07,202.4775599043569,crypto30_market_cap_weighted
2023-11-08,203.82696420650728,crypto30_market_cap_weighted
2023-11-09,211.47571330658073,crypto30_market_cap_weighted
2023-11-10,215.15259774029064,crypto30_market_cap_weighted
2023-11-11,214.3830434691131,crypto30_market_cap_weighted
2023-11-12,213.9347932558173,crypto30_market_cap_weighted
2023-11-13,210.57028372719725,crypto30_market_cap_weighted
2023-11-14,205.63183457030948,crypto30_market_cap_weighted
2023-11-15,218.17092572937122,crypto30_market_cap_weighted
2023-11-16,208.21886614040196,crypto30_market_cap_weighted
2023-11-17,210.37901999240134,crypto30_market_cap_weighted
2023-11-18,210.0249621916478,crypto30_market_cap_weighted
2023-11-19,214.6381115278046,crypto30_market_cap_weighted
2023-11-20,214.56352515465994,crypto30_market_cap_weighted
2023-11-21,203.80270005564154,crypto30_market_cap_weighted
2023-11-22,214.3864139957706,crypto30_market_cap_weighted
2023-11-23,213.96914478365287,crypto30_market_cap_weighted
2023-11-24,216.13296605340935,crypto30_market_cap_weighted
2023-11-25,216.98107453672867,crypto30_market_cap_weighted
2023-11-26,214.91572972726664,crypto30_market_cap_weighted
2023-11-27,212.72511575793183,crypto30_market_cap_weighted
2023-11-28,216.0037546211185,crypto30_market_cap_weighted
2023-11-29,215.85732418316277,crypto30_market_cap_weighted
2023-11-30,215.64900779207602,crypto30_market_cap_weighted
2023-12-01,220.33103017688126,crypto30_market_cap_weighted
2023-12-02,225.20833545829677,crypto30_market_cap_weighted
2023-12-03,227.5907455648817,crypto30_market_cap_weighted
2023-12-04,236.97819116218554,crypto30_market_cap_weighted
2023-12-05,246.06253273776954,crypto30_market_cap_weighted
2023-12-06,244.3758616971501,crypto30_market_cap_weighted
2023-12-07,245.0254300132153,crypto30_market_cap_weighted
2023-12-08,250.8224527776376,crypto30_market_cap_weighted
2023-12-09,248.24455993180794,crypto30_market_cap_weighted
2023-12-10,249.32173500938438,crypto30_market_cap_weighted
2023-12-11,235.74992141257192,crypto30_market_cap_weighted
2023-12-12,236.79923024340292,crypto30_market_cap_weighted
2023-12-13,243.74396266468185,crypto30_market_cap_weighted
2023-12-14,245.79824703040933,crypto30_market_cap_weighted
2023-12-15,238.7420778979884,crypto30_market_cap_weighted
2023-12-16,240.73722806968286,crypto30_market_cap_weighted
2023-12-17,235.71665860595746,crypto30_market_cap_weighted
2023-12-18,241.75778723015452,crypto30_market_cap_weighted
2023-12-19,239.75096734725065,crypto30_market_cap_weighted
2023-12-20,247.28063465616006,crypto30_market_cap_weighted
2023-12-21,250.5179108107649,crypto30_market_cap_weighted
2023-12-22,252.44535830975175,crypto30_market_cap_weighted
2023-12-23,251.80146632674968,crypto30_market_cap_weighted
2023-12-24,248.00529815639925,crypto30_market_cap_weighted
2023-12-25,251.9796076171789,crypto30_market_cap_weighted
2023-12-26,247.07905717525037,crypto30_market_cap_weighted
2023-12-27,254.09666936359932,crypto30_market_cap_weighted
2023-12-28,249.4952222290547,crypto30_market_cap_weighted
2023-12-29,246.50375803927324,crypto30_market_cap_weighted
2023-12-30,246.6129767923159,crypto30_market_cap_weighted
2023-12-31,246.77743140267947,crypto30_market_cap_weighted
2024-01-01,256.8316518575645,crypto30_market_cap_weighted
2024-01-02,259.7082369386531,crypto30_market_cap_weighted
2024-01-03,247.11278425912502,crypto30_market_cap_weighted
2024-01-04,254.24527384437886,crypto30_market_cap_weighted
2024-01-05,253.2588941610762,crypto30_market_cap_weighted
2024-01-06,250.9828426209041,crypto30_market_cap_weighted
2024-01-07,249.45868312232773,crypto30_market_cap_weighted
2024-01-08,265.07092840252886,crypto30_market_cap_weighted
2024-01-09,261.2586685227977,crypto30_market_cap_weighted
2024-01-10,268.5274917531967,crypto30_market_cap_weighted
2024-01-11,268.08018371219,crypto30_market_cap_weighted
2024-01-12,250.2102689654187,crypto30_market_cap_weighted
2024-01-13,252.04995298611382,crypto30_market_cap_weighted
2024-01-14,245.54688667364405,crypto30_market_cap_weighted
2024-01-15,250.01525188447383,crypto30_market_cap_weighted
2024-01-16,253.72142652040748,crypto30_market_cap_weighted
2024-01-17,251.43859170748232,crypto30_market_cap_weighted
2024-01-18,243.49631528615458,crypto30_market_cap_weighted
2024-01-19,245.193805392208,crypto30_market_cap_weighted
2024-01-20,245.50701164537543,crypto30_market_cap_weighted
2024-01-21,244.4410877132205,crypto30_market_cap_weighted
2024-01-22,232.58865595475194,crypto30_market_cap_weighted
2024-01-23,232.6479509551793,crypto30_market_cap_weighted
2024-01-24,233.65377845729628,crypto30_market_cap_weighted
2024-01-25,232.63858581932814,crypto30_market_cap_weighted
2024-01-26,242.55384665185952,crypto30_market_cap_weighted
2024-01-27,243.9763576587837,crypto30_market_cap_weighted
2024-01-28,243.36356926191775,crypto30_market_cap_weighted
2024-01-29,250.58808880389284,crypto30_market_cap_weighted
2024-01-30,248.68822314548544,crypto30_market_cap_weighted
2024-01-31,245.55566663690942,crypto30_market_cap_weighted
2024-02-01,248.30213596059357,crypto30_market_cap_weighted
2024-02-02,249.2754907548355,crypto30_market_cap_weighted
2024-02-03,248.25748515497108,crypto30_market_cap_weighted
2024-02-04,246.03300589362735,crypto30_market_cap_weighted
2024-02-05,246.79503714386303,crypto30_market_cap_weighted
2024-02-06,249.5058909814174,crypto30_market_cap_weighted
2024-02-07,256.23495004125255,crypto30_market_cap_weighted
2024-02-08,260.5897277189902,crypto30_market_cap_weighted
2024-02-09,270.1426676019922,crypto30_market_cap_weighted
2024-02-10,272.99715157836476,crypto30_market_cap_weighted
2024-02-11,275.3482368707453,crypto30_market_cap_weighted
2024-02-12,284.91484504503705,crypto30_market_cap_weighted
2024-02-13,283.44754529288514,crypto30_market_cap_weighted
2024-02-14,295.1857595368932,crypto30_market_cap_weighted
2024-02-15,297.29089267864646,crypto30_market_cap_weighted
2024-02-16,298.0674262203021,crypto30_market_cap_weighted
2024-02-17,295.26842411025507,crypto30_market_cap_weighted
2024-02-18,299.00728564567055,crypto30_market_cap_weighted
2024-02-19,298.81797314496856,crypto30_market_cap_weighted
2024-02-20,301.376189998117,crypto30_market_cap_weighted
2024-02-21,299.158934737415,crypto30_market_cap_weighted
2024-02-22,296.52944211786985,crypto30_market_cap_weighted
2024-02-23,293.2259771984051,crypto30_market_cap_weighted
2024-02-24,298.4732755249828,crypto30_market_cap_weighted
2024-02-25,300.7464283448916,crypto30_market_cap_weighted
2024-02-26,314.41546789510454,crypto30_market_cap_weighted
2024-02-27,326.75500482029724,crypto30_market_cap_weighted
2024-02-28,352.457494693907,crypto30_market_cap_weighted
2024-02-29,347.0352695642433,crypto30_market_cap_weighted
2024-03-01,355.2438157453014,crypto30_market_cap_weighted
2024-03-02,355.93641217280776,crypto30_market_cap_weighted
2024-03-03,361.1115994746927,crypto30_market_cap_weighted
2024-03-04,385.4542582740551,crypto30_market_cap_weighted
2024-03-05,361.8930239806123,crypto30_market_cap_weighted
2024-03-06,377.96261180137674,crypto30_market_cap_weighted
2024-03-07,384.71462017563954,crypto30_market_cap_weighted
2024-03-08,390.55178600258125,crypto30_market_cap_weighted
2024-03-09,391.9568218686384,crypto30_market_cap_weighted
2024-03-10,394.902103600726,crypto30_market_cap_weighted
2024-03-11,414.2054390881272,crypto30_market_cap_weighted
2024-03-12,409.93059786206413,crypto30_market_cap_weighted
2024-03-13,420.7407839348671,crypto30_market_cap_weighted
2024-03-14,411.6450105739909,crypto30_market_cap_weighted
2024-03-15,401.48073677397946,crypto30_market_cap_weighted
2024-03-16,377.67017895191185,crypto30_market_cap_weighted
2024-03-17,394.120696370294,crypto30_market_cap_weighted
2024-03-18,388.6207782712864,crypto30_market_cap_weighted
2024-03-19,354.46333395752885,crypto30_market_cap_weighted
2024-03-20,388.60210337521926,crypto30_market_cap_weighted
2024-03-21,378.78113254780044,crypto30_market_cap_weighted
2024-03-22,368.3488919299882,crypto30_market_cap_weighted
2024-03-23,369.30287539299064,crypto30_market_cap_weighted
2024-03-24,386.525238645712,crypto30_market_cap_weighted
2024-03-25,400.7447626702528,crypto30_market_cap_weighted
2024-03-26,401.20020693523406,crypto30_market_cap_weighted
2024-03-27,397.0778523860754,crypto30_market_cap_weighted
2024-03-28,404.68201742850295,crypto30_market_cap_weighted
2024-03-29,401.34509610476596,crypto30_market_cap_weighted
2024-03-30,399.45103627829593,crypto30_market_cap_weighted
2024-03-31,409.93533510088315,crypto30_market_cap_weighted
2024-04-01,398.6045866929271,crypto30_market_cap_weighted
2024-04-02,375.2998470559162,crypto30_market_cap_weighted
2024-04-03,377.5855828232551,crypto30_market_cap_weighted
2024-04-04,389.7963911144351,crypto30_market_cap_weighted
2024-04-05,385.7751555844749,crypto30_market_cap_weighted
2024-04-06,391.7345465370315,crypto30_market_cap_weighted
2024-04-07,395.4840970270056,crypto30_market_cap_weighted
2024-04-08,409.26577409186393,crypto30_market_cap_weighted
2024-04-09,395.08280596759124,crypto30_market_cap_weighted
2024-04-10,402.4733824274791,crypto30_market_cap_weighted
2024-04-11,398.72522331828486,crypto30_market_cap_weighted
2024-04-12,378.09155182178426,crypto30_market_cap_weighted
2024-04-13,356.19059560021645,crypto30_market_cap_weighted
2024-04-14,368.21445984248624,crypto30_market_cap_weighted
2024-04-15,356.7328147826549,crypto30_market_cap_weighted
2024-04-16,357.3521612539232,crypto30_market_cap_weighted
2024-04-17,344.92931310901207,crypto30_market_cap_weighted
2024-04-18,356.66089631470174,crypto30_market_cap_weighted
2024-04-19,358.2440579595754,crypto30_market_cap_weighted
2024-04-20,366.8553116516906,crypto30_market_cap_weighted
2024-04-21,366.5013483999306,crypto30_market_cap_weighted
2024-04-22,377.308912823095,crypto30_market_cap_weighted
2024-04-23,375.8105815925169,crypto30_market_cap_weighted
2024-04-24,364.4965292043918,crypto30_market_cap_weighted
2024-04-25,365.5581401940403,crypto30_market_cap_weighted
2024-04-26,361.4916038948996,crypto30_market_cap_weighted
2024-04-27,361.8464614212948,crypto30_market_cap_weighted
2024-04-28,360.1290811854435,crypto30_market_cap_weighted
2024-04-29,362.31565519866706,crypto30_market_cap_weighted
2024-04-30,344.2785147367016,crypto30_market_cap_weighted
2024-05-01,335.01539595842587,crypto30_market_cap_weighted
2024-05-02,338.4182537565744,crypto30_market_cap_weighted
2024-05-03,357.7941728025587,crypto30_market_cap_weighted
2024-05-04,362.45891390401994,crypto30_market_cap_weighted
2024-05-05,363.37728767505456,crypto30_market_cap_weighted
2024-05-06,359.2861630977259,crypto30_market_cap_weighted
2024-05-07,353.73783442260896,crypto30_market_cap_weighted
2024-05-08,348.2954925820879,crypto30_market_cap_weighted
2024-05-09,358.3406321666182,crypto30_market_cap_weighted
2024-05-10,345.5626317144108,crypto30_market_cap_weighted
2024-05-11,345.801486360137,crypto30_market_cap_weighted
2024-05-12,348.52686845939155,crypto30_market_cap_weighted
2024-05-13,355.12400468516876,crypto30_market_cap_weighted
2024-05-14,347.1673258144489,crypto30_market_cap_weighted
2024-05-15,370.931336741578,crypto30_market_cap_weighted
2024-05-16,365.3388983862329,crypto30_market_cap_weighted
2024-05-17,376.3618300999508,crypto30_market_cap_weighted
2024-05-18,376.42317419030155,crypto30_market_cap_weighted
2024-05-19,372.065258537933,crypto30_market_cap_weighted
2024-05-20,405.47846319229063,crypto30_market_cap_weighted
2024-05-21,401.9009275228421,crypto30_market_cap_weighted
2024-05-22,396.19038001555157,crypto30_market_cap_weighted
2024-05-23,390.92452722377567,crypto30_market_cap_weighted
2024-05-24,392.55581918865073,crypto30_market_cap_weighted
2024-05-25,396.34160522242934,crypto30_market_cap_weighted
2024-05-26,393.0259862640514,crypto30_market_cap_weighted
2024-05-27,398.72213896493923,crypto30_market_cap_weighted
2024-05-28,393.08934411986166,crypto30_market_cap_weighted
2024-05-29,388.5824176488529,crypto30_market_cap_weighted
2024-05-30,390.78713353374803,crypto30_market_cap_weighted
2024-05-31,387.438489005883,crypto30_market_cap_weighted
2024-06-01,389.4272751951928,crypto30_market_cap_weighted
2024-06-02,388.58142532712975,crypto30_market_cap_weighted
2024-06-03,393.6329591022937,crypto30_market_cap_weighted
2024-06-04,403.72638574654235,crypto30_market_cap_weighted
2024-06-05,407.42707642561146,crypto30_market_cap_weighted
2024-06-06,405.2120153863552,crypto30_market_cap_weighted
2024-06-07,394.88424199106953,crypto30_market_cap_weighted
2024-06-08,394.049675220227,crypto30_market_cap_weighted
2024-06-09,396.2641554854021,crypto30_market_cap_weighted
2024-06-10,393.7909969623055,crypto30_market_cap_weighted
2024-06-11,380.10030072822303,crypto30_market_cap_weighted
2024-06-12,386.5783223981512,crypto30_market_cap_weighted
2024-06-13,377.32129570092644,crypto30_market_cap_weighted
2024-06-14,373.8713431467073,crypto30_market_cap_weighted
2024-06-15,376.65866034755334,crypto30_market_cap_weighted
2024-06-16,379.8137239258332,crypto30_market_cap_weighted
2024-06-17,376.7482248215664,crypto30_market_cap_weighted
2024-06-18,368.931600196716,crypto30_market_cap_weighted
2024-06-19,369.58895965375564,crypto30_market_cap_weighted
2024-06-20,368.14341901306744,crypto30_market_cap_weighted
2024-06-21,365.2416111820099,crypto30_market_cap_weighted
2024-06-22,365.41328279089856,crypto30_market_cap_weighted
2024-06-23,359.0346575193892,crypto30_market_cap_weighted
2024-06-24,345.99957974665074,crypto30_market_cap_weighted
2024-06-25,353.90666508548435,crypto30_market_cap_weighted
2024-06-26,349.19301310896674,crypto30_market_cap_weighted
2024-06-27,355.21473722308434,crypto30_market_cap_weighted
2024-06-28,347.7449985241684,crypto30_market_cap_weighted
2024-06-29,350.1480889525847,crypto30_market_cap_weighted
2024-06-30,359.3999085187494,crypto30_market_cap_weighted
2024-07-01,359.95422854497224,crypto30_market_cap_weighted
2024-07-02,357.55298235817804,crypto30_market_cap_weighted
2024-07-03,345.43329454022785,crypto30_market_cap_weighted
2024-07-04,325.2498926320443,crypto30_market_cap_weighted
2024-07-05,322.085622894512,crypto30_market_cap_weighted
2024-07-06,332.6401977293513,crypto30_market_cap_weighted
2024-07-07,317.6126972526355,crypto30_market_cap_weighted
2024-07-08,324.1596889372732,crypto30_market_cap_weighted
2024-07-09,331.0040873399116,crypto30_market_cap_weighted
2024-07-10,330.59770347784905,crypto30_market_cap_weighted
2024-07-11,329.03662801594027,crypto30_market_cap_weighted
2024-07-12,333.3882588011283,crypto30_market_cap_weighted
2024-07-13,341.4737179557617,crypto30_market_cap_weighted
2024-07-14,349.6704459898527,crypto30_market_cap_weighted
2024-07-15,371.92342827578074,crypto30_market_cap_weighted
2024-07-16,373.549648972611,crypto30_market_cap_weighted
2024-07-17,369.31790605210557,crypto30_market_cap_weighted
2024-07-18,368.20807775711796,crypto30_market_cap_weighted
2024-07-19,381.9902170323194,crypto30_market_cap_weighted
2024-07-20,385.1880446690575,crypto30_market_cap_weighted
2024-07-21,390.99545120415934,crypto30_market_cap_weighted
2024-07-22,386.0459574771542,crypto30_market_cap_weighted
2024-07-23,378.98546116931067,crypto30_market_cap_weighted
2024-07-24,375.01806720656907,crypto30_market_cap_weighted
2024-07-25,373.4555519189992,crypto30_market_cap_weighted
2024-07-26,385.1767671376051,crypto30_market_cap_weighted
2024-07-27,384.5722743535389,crypto30_market_cap_weighted
2024-07-28,386.47661084775626,crypto30_market_cap_weighted
2024-07-29,380.81341834400064,crypto30_market_cap_weighted
2024-07-30,378.2254985430112,crypto30_market_cap_weighted
2024-07-31,369.8009715525046,crypto30_market_cap_weighted
2024-08-01,371.3730295008634,crypto30_market_cap_weighted
2024-08-02,348.93704740508593,crypto30_market_cap_weighted
2024-08-03,343.14526286900747,crypto30_market_cap_weighted
2024-08-04,327.14950029549357,crypto30_market_cap_weighted
2024-08-05,302.97224508615324,crypto30_market_cap_weighted
2024-08-06,314.1330643995981,crypto30_market_cap_weighted
2024-08-07,310.6619674248024,crypto30_market_cap_weighted
2024-08-08,346.68178904287873,crypto30_market_cap_weighted
2024-08-09,340.3830470646563,crypto30_market_cap_weighted
2024-08-10,341.4362552829104,crypto30_market_cap_weighted
2024-08-11,328.95612690579617,crypto30_market_cap_weighted
2024-08-12,335.854618289626,crypto30_market_cap_weighted
2024-08-13,341.0559202526294,crypto30_market_cap_weighted
2024-08-14,332.16356158273663,crypto30_market_cap_weighted
2024-08-15,325.3821724217483,crypto30_market_cap_weighted
2024-08-16,331.20685447054626,crypto30_market_cap_weighted
2024-08-17,335.0280134716925,crypto30_market_cap_weighted
2024-08-18,330.2712113453255,crypto30_market_cap_weighted
2024-08-19,336.87613267248315,crypto30_market_cap_weighted
2024-08-20,334.8508177090156,crypto30_market_cap_weighted
2024-08-21,344.97864261532743,crypto30_market_cap_weighted
2024-08-22,342.1280699453055,crypto30_market_cap_weighted
2024-08-23,361.3312598106728,crypto30_market_cap_weighted
2024-08-24,362.12321445248,crypto30_market_cap_weighted
2024-08-25,361.4015881151647,crypto30_market_cap_weighted
2024-08-26,352.8662699901559,crypto30_market_cap_weighted
2024-08-27,333.22248445103276,crypto30_market_cap_weighted
2024-08-28,332.8207255046206,crypto30_market_cap_weighted
2024-08-29,333.7494470589121,crypto30_market_cap_weighted
2024-08-30,332.8053609540937,crypto30_market_cap_weighted
2024-08-31,331.56482079193404,crypto30_market_cap_weighted
2024-09-01,321.3618363787879,crypto30_market_cap_weighted
2024-09-02,332.1967041011919,crypto30_market_cap_weighted
2024-09-03,322.2576589486854,crypto30_market_cap_weighted
2024-09-04,324.89034907641684,crypto30_market_cap_weighted
2024-09-05,315.51752884959,crypto30_market_cap_weighted
2024-09-06,302.5806017120914,crypto30_market_cap_weighted
2024-09-07,305.00279120709627,crypto30_market_cap_weighted
2024-09-08,309.1098591398933,crypto30_market_cap_weighted
2024-09-09,320.40995320513576,crypto30_market_cap_weighted
2024-09-10,323.37473620722074,crypto30_market_cap_weighted
2024-09-11,321.30943743655007,crypto30_market_cap_weighted
2024-09-12,326.33545080897886,crypto30_market_cap_weighted
2024-09-13,338.1286209081105,crypto30_market_cap_weighted
2024-09-14,335.9062381307218,crypto30_market_cap_weighted
2024-09-15,329.4513853728842,crypto30_market_cap_weighted
2024-09-16,325.0439622135516,crypto30_market_cap_weighted
2024-09-17,334.8036071897619,crypto30_market_cap_weighted
2024-09-18,342.0986508500242,crypto30_market_cap_weighted
2024-09-19,349.56638106434605,crypto30_market_cap_weighted
2024-09-20,352.6612998024282,crypto30_market_cap_weighted
2024-09-21,355.4403425084144,crypto30_market_cap_weighted
2024-09-22,355.0754755292592,crypto30_market_cap_weighted
2024-09-23,355.8257928628666,crypto30_market_cap_weighted
2024-09-24,360.76302106066515,crypto30_market_cap_weighted
2024-09-25,353.95366516037825,crypto30_market_cap_weighted
2024-09-26,364.56586374304385,crypto30_market_cap_weighted
2024-09-27,368.7736260521904,crypto30_market_cap_weighted
2024-09-28,369.2488564333612,crypto30_market_cap_weighted
2024-09-29,368.48753931597827,crypto30_market_cap_weighted
2024-09-30,355.9098628611296,crypto30_market_cap_weighted
2024-10-01,340.9408643145055,crypto30_market_cap_weighted
2024-10-02,336.9366394471518,crypto30_market_cap_weighted
2024-10-03,336.60746482855717,crypto30_market_cap_weighted
2024-10-04,344.42848094335443,crypto30_market_cap_weighted
2024-10-05,344.1753537602055,crypto30_market_cap_weighted
2024-10-06,348.46359016501674,crypto30_market_cap_weighted
2024-10-07,345.2562368299973,crypto30_market_cap_weighted
2024-10-08,345.7806737610711,crypto30_market_cap_weighted
2024-10-09,337.5613062337902,crypto30_market_cap_weighted
2024-10-10,336.5438840587581,crypto30_market_cap_weighted
2024-10-11,347.6559648678271,crypto30_market_cap_weighted
2024-10-12,351.3988570737004,crypto30_market_cap_weighted
2024-10-13,349.5950906224445,crypto30_market_cap_weighted
2024-10-14,367.23971058930306,crypto30_market_cap_weighted
2024-10-15,370.43729310319884,crypto30_market_cap_weighted
2024-10-16,373.1364624995327,crypto30_market_cap_weighted
2024-10-17,371.6130726740766,crypto30_market_cap_weighted
2024-10-18,377.10798681805596,crypto30_market_cap_weighted
2024-10-19,377.2811602551172,crypto30_market_cap_weighted
2024-10-20,382.6880454800013,crypto30_market_cap_weighted
2024-10-21,374.1224691245693,crypto30_market_cap_weighted
2024-10-22,373.1723652932462,crypto30_market_cap_weighted
2024-10-23,367.9150591844799,crypto30_market_cap_weighted
2024-10-24,375.26587202127234,crypto30_market_cap_weighted
2024-10-25,364.6202069374036,crypto30_market_cap_weighted
2024-10-26,368.1210149728823,crypto30_market_cap_weighted
2024-10-27,373.01626938311864,crypto30_market_cap_weighted
2024-10-28,382.7015114567991,crypto30_market_cap_weighted
2024-10-29,396.24040306318193,crypto30_market_cap_weighted
2024-10-30,394.26716495053824,crypto30_market_cap_weighted
2024-10-31,381.7256942932652,crypto30_market_cap_weighted
2024-11-01,378.281911209425,crypto30_market_cap_weighted
2024-11-02,377.07367021984453,crypto30_market_cap_weighted
2024-11-03,372.8118058262165,crypto30_market_cap_weighted
2024-11-04,367.45553410593203,crypto30_market_cap_weighted
2024-11-05,375.50616723400503,crypto30_market_cap_weighted
2024-11-06,409.71382387690534,crypto30_market_cap_weighted
2024-11-07,415.3871944901879,crypto30_market_cap_weighted
2024-11-08,419.8590278052641,crypto30_market_cap_weighted
2024-11-09,425.4563148473398,crypto30_market_cap_weighted
2024-11-10,444.5413467308706,crypto30_market_cap_weighted
2024-11-11,485.18303939438744,crypto30_market_cap_weighted
2024-11-12,481.9390698767642,crypto30_market_cap_weighted
2024-11-13,489.57019017125526,crypto30_market_cap_weighted
2024-11-14,476.93015802272146,crypto30_market_cap_weighted
2024-11-15,497.4700086977344,crypto30_market_cap_weighted
2024-11-16,503.633081425079,crypto30_market_cap_weighted
2024-11-17,498.73053112958735,crypto30_market_cap_weighted
2024-11-18,506.6129321291884,crypto30_market_cap_weighted
2024-11-19,511.4102432784675,crypto30_market_cap_weighted
2024-11-20,517.6632341872164,crypto30_market_cap_weighted
2024-11-21,544.9980149548126,crypto30_market_cap_weighted
2024-11-22,553.5497335957808,crypto30_market_cap_weighted
2024-11-23,552.5187558526453,crypto30_market_cap_weighted
2024-11-24,552.3732078411007,crypto30_market_cap_weighted
2024-11-25,529.857843168789,crypto30_market_cap_weighted
2024-11-26,522.6697870920653,crypto30_market_cap_weighted
2024-11-27,549.0188298118092,crypto30_market_cap_weighted
2024-11-28,547.9704534210555,crypto30_market_cap_weighted
2024-11-29,560.8106051839968,crypto30_market_cap_weighted
2024-11-30,560.2370258284093,crypto30_market_cap_weighted
2024-12-01,568.5476879186381,crypto30_market_cap_weighted
2024-12-02,567.0921450478394,crypto30_market_cap_weighted
2024-12-03,576.3699066738913,crypto30_market_cap_weighted
2024-12-04,589.375489938863,crypto30_market_cap_weighted
2024-12-05,579.5797605948001,crypto30_market_cap_weighted
2024-12-06,599.3124814650711,crypto30_market_cap_weighted
2024-12-07,601.8595795655709,crypto30_market_cap_weighted
2024-12-08,607.4253453226145,crypto30_market_cap_weighted
2024-12-09,573.7954313631964,crypto30_market_cap_weighted
2024-12-10,570.2470682737726,crypto30_market_cap_weighted
2024-12-11,597.6754842797961,crypto30_market_cap_weighted
2024-12-12,594.1956947397957,crypto30_market_cap_weighted
2024-12-13,602.1676613177706,crypto30_market_cap_weighted
2024-12-14,599.513991782231,crypto30_market_cap_weighted
2024-12-15,615.7014889849248,crypto30_market_cap_weighted
2024-12-16,622.5966546759755,crypto30_market_cap_weighted
2024-12-17,621.4490447738659,crypto30_market_cap_weighted
2024-12-18,583.6893344731677,crypto30_market_cap_weighted
2024-12-19,563.5374463779375,crypto30_market_cap_weighted
2024-12-20,567.6805913973553,crypto30_market_cap_weighted
2024-12-21,560.2280762236528,crypto30_market_cap_weighted
2024-12-22,549.2231055952801,crypto30_market_cap_weighted
2024-12-23,555.2297582233069,crypto30_market_cap_weighted
2024-12-24,574.597739055132,crypto30_market_cap_weighted
2024-12-25,577.4935211956185,crypto30_market_cap_weighted
2024-12-26,554.8949518312372,crypto30_market_cap_weighted
2024-12-27,548.3480679360308,crypto30_market_cap_weighted
2024-12-28,556.6742900268847,crypto30_market_cap_weighted
2024-12-29,546.1875094453118,crypto30_market_cap_weighted
2024-12-30,542.232880132512,crypto30_market_cap_weighted
2024-12-31,544.9130226294859,crypto30_market_cap_weighted
2025-01-01,554.1494647927781,crypto30_market_cap_weighted
2025-01-02,568.6561888615608,crypto30_market_cap_weighted
2025-01-03,580.2167467256594,crypto30_market_cap_weighted
2025-01-04,581.0964215221795,crypto30_market_cap_weighted
2025-01-05,580.4337753465094,crypto30_market_cap_weighted
2025-01-06,599.4338567850136,crypto30_market_cap_weighted
2025-01-07,564.8051609388177,crypto30_market_cap_weighted
2025-01-08,555.8696065063928,crypto30_market_cap_weighted
2025-01-09,539.7235913019518,crypto30_market_cap_weighted
2025-01-10,551.9305890017679,crypto30_market_cap_weighted
2025-01-11,554.3036287769104,crypto30_market_cap_weighted
2025-01-12,552.3572452286941,crypto30_market_cap_weighted
2025-01-13,548.4360805596882,crypto30_market_cap_weighted
2025-01-14,561.4144418265128,crypto30_market_cap_weighted
2025-01-15,590.9758839480239,crypto30_market_cap_weighted
2025-01-16,586.7969990502505,crypto30_market_cap_weighted
2025-01-17,610.8502435852221,crypto30_market_cap_weighted
2025-01-18,610.4092775682191,crypto30_market_cap_weighted
2025-01-19,588.4967056841069,crypto30_market_cap_weighted
2025-01-20,595.1469020085194,crypto30_market_cap_weighted
2025-01-21,614.6275284063853,crypto30_market_cap_weighted
2025-01-22,602.8253938128248,crypto30_market_cap_weighted
2025-01-23,604.72688721759,crypto30_market_cap_weighted
2025-01-24,607.495155986225,crypto30_market_cap_weighted
2025-01-25,607.709665248891,crypto30_market_cap_weighted
2025-01-26,593.5339861705779,crypto30_market_cap_weighted
2025-01-27,590.2534270052332,crypto30_market_cap_weighted
2025-01-28,582.3344209763663,crypto30_market_cap_weighted
2025-01-29,593.9931221138106,crypto30_market_cap_weighted
2025-01-30,604.1158519110076,crypto30_market_cap_weighted
2025-01-31,594.6236857262326,crypto30_market_cap_weighted
2025-02-01,577.9267115066856,crypto30_market_cap_weighted
2025-02-02,552.5897394828263,crypto30_market_cap_weighted
2025-02-03,570.2904923916757,crypto30_market_cap_weighted
2025-02-04,546.7642382956186,crypto30_market_cap_weighted
2025-02-05,540.9321739021017,crypto30_market_cap_weighted
2025-02-06,536.9674029125815,crypto30_market_cap_weighted
2025-02-07,536.2118478499848,crypto30_market_cap_weighted
2025-02-08,538.5415018669074,crypto30_market_cap_weighted
2025-02-09,538.2676636493642,crypto30_market_cap_weighted
2025-02-10,544.5380359008866,crypto30_market_cap_weighted
2025-02-11,536.955001840416,crypto30_market_cap_weighted
2025-02-12,552.0554504063318,crypto30_market_cap_weighted
2025-02-13,544.3940153176575,crypto30_market_cap_weighted
2025-02-14,551.3774390993622,crypto30_market_cap_weighted
2025-02-15,550.6929518422223,crypto30_market_cap_weighted
2025-02-16,543.3556185504442,crypto30_market_cap_weighted
2025-02-17,542.397969153392,crypto30_market_cap_weighted
2025-02-18,537.4321261394639,crypto30_market_cap_weighted
2025-02-19,544.5831899877185,crypto30_market_cap_weighted
2025-02-20,552.7282507699084,crypto30_market_cap_weighted
2025-02-21,539.2891703437333,crypto30_market_cap_weighted
2025-02-22,544.8181781839887,crypto30_market_cap_weighted
2025-02-23,544.4941408554384,crypto30_market_cap_weighted
2025-02-24,509.32795347038893,crypto30_market_cap_weighted
2025-02-25,498.25084251346397,crypto30_market_cap_weighted
2025-02-26,473.88657457772985,crypto30_market_cap_weighted
2025-02-27,475.16321850966153,crypto30_market_cap_weighted
2025-02-28,471.9675974892629,crypto30_market_cap_weighted
2025-03-01,479.3971817845522,crypto30_market_cap_weighted
2025-03-02,533.9155882534839,crypto30_market_cap_weighted
2025-03-03,479.5291709895175,crypto30_market_cap_weighted
2025-03-04,485.88015829409363,crypto30_market_cap_weighted
2025-03-05,503.2353192281205,crypto30_market_cap_weighted
2025-03-06,499.5822877393283,crypto30_market_cap_weighted
2025-03-07,482.8173693251763,crypto30_market_cap_weighted
2025-03-08,481.0939654988834,crypto30_market_cap_weighted
2025-03-09,448.2669084148089,crypto30_market_cap_weighted
2025-03-10,431.66041734926716,crypto30_market_cap_weighted
2025-03-11,453.8023637442848,crypto30_market_cap_weighted
2025-03-12,458.05907333562203,crypto30_market_cap_weighted
2025-03-13,446.3533579199806,crypto30_market_cap_weighted
2025-03-14,461.62082516594285,crypto30_market_cap_weighted
2025-03-15,465.8834086493848,crypto30_market_cap_weighted
2025-03-16,454.2295440757486,crypto30_market_cap_weighted
2025-03-17,463.28856755757755,crypto30_market_cap_weighted
2025-03-18,457.8408720535663,crypto30_market_cap_weighted
2025-03-19,481.42913866352995,crypto30_market_cap_weighted
2025-03-20,467.2039878906869,crypto30_market_cap_weighted
2025-03-21,465.57794298591955,crypto30_market_cap_weighted
2025-03-22,464.8990930796932,crypto30_market_cap_weighted
2025-03-23,475.48481542145737,crypto30_market_cap_weighted
2025-03-24,485.19698097042624,crypto30_market_cap_weighted
2025-03-25,484.67523294869005,crypto30_market_cap_weighted
2025-03-26,479.5369037752042,crypto30_market_cap_weighted
2025-03-27,481.50806589468027,crypto30_market_cap_weighted
2025-03-28,463.5653934947668,crypto30_market_cap_weighted
2025-03-29,452.12095845237207,crypto30_market_cap_weighted
2025-03-30,450.3915780623961,crypto30_market_cap_weighted
2025-03-31,451.3272141715108,crypto30_market_cap_weighted
2025-04-01,465.42715622460867,crypto30_market_cap_weighted
2025-04-02,448.11821304164255,crypto30_market_cap_weighted
2025-04-03,452.0856617174222,crypto30_market_cap_weighted
2025-04-04,456.1696001323393,crypto30_market_cap_weighted
2025-04-05,453.90725695835454,crypto30_market_cap_weighted
2025-04-06,420.3552506556845,crypto30_market_cap_weighted
2025-04-07,422.4741870650857,crypto30_market_cap_weighted
2025-04-08,407.1679378830593,crypto30_market_cap_weighted
2025-04-09,444.55093387953673,crypto30_market_cap_weighted
2025-04-10,425.87853102093067,crypto30_market_cap_weighted
2025-04-11,444.38872745122876,crypto30_market_cap_weighted
2025-04-12,457.7287329374987,crypto30_market_cap_weighted
2025-04-13,448.84780310894945,crypto30_market_cap_weighted
2025-04-14,452.89678972206804,crypto30_market_cap_weighted
2025-04-15,446.6312800038979,crypto30_market_cap_weighted
2025-04-16,448.19070894122103,crypto30_market_cap_weighted
2025-04-17,452.6580910175504,crypto30_market_cap_weighted
2025-04-18,450.8900668232431,crypto30_market_cap_weighted
2025-04-19,455.1557098000983,crypto30_market_cap_weighted
2025-04-20,454.4086098834984,crypto30_market_cap_weighted
2025-04-21,463.4113725563953,crypto30_market_cap_weighted
2025-04-22,496.8458768628216,crypto30_market_cap_weighted
2025-04-23,499.30810689952744,crypto30_market_cap_weighted
2025-04-24,499.8615507301384,crypto30_market_cap_weighted
2025-04-25,502.55390381171213,crypto30_market_cap_weighted
2025-04-26,504.28627800881145,crypto30_market_cap_weighted
2025-04-27,499.62916587567685,crypto30_market_cap_weighted
2025-04-28,505.5433162178239,crypto30_market_cap_weighted
2025-04-29,501.29876951734616,crypto30_market_cap_weighted
2025-04-30,500.27964558416136,crypto30_market_cap_weighted
2025-05-01,511.6058617781242,crypto30_market_cap_weighted
2025-05-02,513.1555160114666,crypto30_market_cap_weighted
2025-05-03,507.8955034674163,crypto30_market_cap_weighted
2025-05-04,499.60790964633713,crypto30_market_cap_weighted
2025-05-05,502.0092370359772,crypto30_market_cap_weighted
2025-05-06,510.6209322386845,crypto30_market_cap_weighted
2025-05-07,510.9555817801831,crypto30_market_cap_weighted
2025-05-08,555.5346184617846,crypto30_market_cap_weighted
2025-05-09,561.4441142307571,crypto30_market_cap_weighted
2025-05-10,579.8159609913705,crypto30_market_cap_weighted
2025-05-11,572.266798523439,crypto30_market_cap_weighted
2025-05-12,568.8485431157949,crypto30_market_cap_weighted
2025-05-13,580.9572975037515,crypto30_market_cap_weighted
2025-05-14,574.7543501346478,crypto30_market_cap_weighted
2025-05-15,570.9714428847197,crypto30_market_cap_weighted
2025-05-16,568.905725732767,crypto30_market_cap_weighted
2025-05-17,564.6435856137749,crypto30_market_cap_weighted
2025-05-18,581.0769635310028,crypto30_market_cap_weighted
2025-05-19,576.7699465325669,crypto30_market_cap_weighted
2025-05-20,581.7844333309804,crypto30_market_cap_weighted
2025-05-21,595.6697218406258,crypto30_market_cap_weighted
2025-05-22,609.6955226242753,crypto30_market_cap_weighted
2025-05-23,583.8188663646396,crypto30_market_cap_weighted
2025-05-24,586.5795167565744,crypto30_market_cap_weighted
2025-05-25,592.3403143775425,crypto30_market_cap_weighted
2025-05-26,594.1116546548091,crypto30_market_cap_weighted
2025-05-27,595.9234919874193,crypto30_market_cap_weighted
2025-05-28,591.1288814848571,crypto30_market_cap_weighted
2025-05-29,579.2664830431885,crypto30_market_cap_weighted
2025-05-30,565.6473437094916,crypto30_market_cap_weighted
2025-05-31,568.5268743486657,crypto30_market_cap_weighted
2025-06-01,573.4910043589405,crypto30_market_cap_weighted
2025-06-02,576.6662777941951,crypto30_market_cap_weighted
2025-06-03,574.5629296197908,crypto30_market_cap_weighted
2025-06-04,571.3304148562264,crypto30_market_cap_weighted
2025-06-05,549.4825608408614,crypto30_market_cap_weighted
2025-06-06,564.1574218907416,crypto30_market_cap_weighted
2025-06-07,571.9891648089681,crypto30_market_cap_weighted
2025-06-08,573.359081386259,crypto30_market_cap_weighted
2025-06-09,598.8992474668579,crypto30_market_cap_weighted
2025-06-10,604.1895654565926,crypto30_market_cap_weighted
2025-06-11,594.5120273144445,crypto30_market_cap_weighted
2025-06-12,575.8480489152124,crypto30_market_cap_weighted
2025-06-13,574.5367690291132,crypto30_market_cap_weighted
2025-06-14,569.3994626365682,crypto30_market_cap_weighted
2025-06-15,572.051956532691,crypto30_market_cap_weighted
2025-06-16,577.290409289409,crypto30_market_cap_weighted
2025-06-17,565.7039695129735,crypto30_market_cap_weighted
2025-06-18,567.3851836602241,crypto30_market_cap_weighted
2025-06-19,566.598688159757,crypto30_market_cap_weighted
2025-06-20,555.9601347110943,crypto30_market_cap_weighted
2025-06-21,545.9330074347731,crypto30_market_cap_weighted
2025-06-22,537.3326114123669,crypto30_market_cap_weighted
2025-06-23,565.2033838916605,crypto30_market_cap_weighted
2025-06-24,570.032529657565,crypto30_market_cap_weighted
2025-06-25,573.5413813952302,crypto30_market_cap_weighted
2025-06-26,570.0063204394884,crypto30_market_cap_weighted
2025-06-27,571.8454057145502,crypto30_market_cap_weighted
2025-06-28,574.9071509011195,crypto30_market_cap_weighted
2025-06-29,582.3183539589205,crypto30_market_cap_weighted
2025-06-30,577.3467594567212,crypto30_market_cap_weighted
2025-07-01,566.6395908559984,crypto30_market_cap_weighted
2025-07-02,586.8197430416205,crypto30_market_cap_weighted
2025-07-03,590.9780787652659,crypto30_market_cap_weighted
2025-07-04,580.1403147487691,crypto30_market_cap_weighted
2025-07-05,581.4394411991785,crypto30_market_cap_weighted
2025-07-06,588.73329338089,crypto30_market_cap_weighted
2025-07-07,583.6460726056698,crypto30_market_cap_weighted
2025-07-08,589.4321257946649,crypto30_market_cap_weighted
2025-07-09,605.6578596387421,crypto30_market_cap_weighted
2025-07-10,633.7462996697135,crypto30_market_cap_weighted
2025-07-11,642.6224215520845,crypto30_market_cap_weighted
2025-07-12,641.4277925113848,crypto30_market_cap_weighted
2025-07-13,650.9000123432511,crypto30_market_cap_weighted
2025-07-14,656.2830976761431,crypto30_market_cap_weighted
2025-07-15,651.6283711903535,crypto30_market_cap_weighted
2025-07-16,664.5748236302566,crypto30_market_cap_weighted
2025-07-17,675.226458283891,crypto30_market_cap_weighted
2025-07-18,672.3468260548599,crypto30_market_cap_weighted
2025-07-19,673.6116063844639,crypto30_market_cap_weighted
2025-07-20,677.7917837124053,crypto30_market_cap_weighted
2025-07-21,680.9277492736109,crypto30_market_cap_weighted
2025-07-22,693.1298897585701,crypto30_market_cap_weighted
2025-07-23,678.4815878834371,crypto30_market_cap_weighted
2025-07-24,677.177886564186,crypto30_market_cap_weighted
2025-07-25,676.391111595036,crypto30_market_cap_weighted
2025-07-26,678.7931399673147,crypto30_market_cap_weighted
2025-07-27,691.3802055116942,crypto30_market_cap_weighted
2025-07-28,680.6066086487815,crypto30_market_cap_weighted
2025-07-29,679.5498775701442,crypto30_market_cap_weighted
2025-07-30,677.8299036692948,crypto30_market_cap_weighted
2025-07-31,664.2953569036262,crypto30_market_cap_weighted
2025-08-01,646.1949187150367,crypto30_market_cap_weighted
2025-08-02,637.3799689223163,crypto30_market_cap_weighted
2025-08-03,650.2273077293966,crypto30_market_cap_weighted
2025-08-04,662.5515531565388,crypto30_market_cap_weighted
2025-08-05,653.3060583582501,crypto30_market_cap_weighted
2025-08-06,660.2024913810498,crypto30_market_cap_weighted
2025-08-07,681.3567251795376,crypto30_market_cap_weighted
2025-08-08,680.7907250189335,crypto30_market_cap_weighted
2025-08-09,685.6782381611021,crypto30_market_cap_weighted
2025-08-10,697.5365957718068,crypto30_market_cap_weighted
2025-08-11,692.3852343502974,crypto30_market_cap_weighted
2025-08-12,711.815644650571,crypto30_market_cap_weighted
2025-08-13,731.0201698766109,crypto30_market_cap_weighted
2025-08-14,701.2254809391529,crypto30_market_cap_weighted
2025-08-15,693.9853025397634,crypto30_market_cap_weighted
2025-08-16,694.8692663698012,crypto30_market_cap_weighted
2025-08-17,697.2314010396195,crypto30_market_cap_weighted
2025-08-18,686.8329550675094,crypto30_market_cap_weighted
2025-08-19,663.159004382543,crypto30_market_cap_weighted
2025-08-20,679.0939925425795,crypto30_market_cap_weighted
2025-08-21,666.1150813336627,crypto30_market_cap_weighted
2025-08-22,705.4172193016933,crypto30_market_cap_weighted
2025-08-23,696.9985234507172,crypto30_market_cap_weighted
2025-08-24,687.8415350528718,crypto30_market_cap_weighted
2025-08-25,658.9383684901692,crypto30_market_cap_weighted
2025-08-26,674.2961296135317,crypto30_market_cap_weighted
2025-08-27,669.9290292989649,crypto30_market_cap_weighted
2025-08-28,677.6975034255382,crypto30_market_cap_weighted
2025-08-29,652.892837912761,crypto30_market_cap_weighted
2025-08-30,655.0680293822205,crypto30_market_cap_weighted
2025-08-31,651.9536850883004,crypto30_market_cap_weighted
2025-09-01,653.6406274257567,crypto30_market_cap_weighted
2025-09-02,665.582921486125,crypto30_market_cap_weighted
2025-09-03,670.3596733499656,crypto30_market_cap_weighted
2025-09-04,660.7785688081173,crypto30_market_cap_weighted
2025-09-05,661.5383867607353,crypto30_market_cap_weighted
2025-09-06,658.1444783485052,crypto30_market_cap_weighted
2025-09-07,665.7321182547819,crypto30_market_cap_weighted
2025-09-08,671.8150225278076,crypto30_market_cap_weighted
2025-09-09,669.8345638772948,crypto30_market_cap_weighted
2025-09-10,683.1098275604869,crypto30_market_cap_weighted
2025-09-11,693.7276616939344,crypto30_market_cap_weighted
2025-09-12,704.1345792720159,crypto30_market_cap_weighted
2025-09-13,703.6043064918634,crypto30_market_cap_weighted
2025-09-14,697.466281398442,crypto30_market_cap_weighted
2025-09-15,694.6614234769116,crypto30_market_cap_weighted
2025-09-16,702.3363125260853,crypto30_market_cap_weighted
2025-09-17,705.481965122089,crypto30_market_cap_weighted
2025-09-18,708.6662564086974,crypto30_market_cap_weighted
2025-09-19,697.5122326417224,crypto30_market_cap_weighted
2025-09-20,699.6743809170613,crypto30_market_cap_weighted
2025-09-21,696.3290814868894,crypto30_market_cap_weighted
2025-09-22,674.9670726375662,crypto30_market_cap_weighted
2025-09-23,670.8490636245157,crypto30_market_cap_weighted
2025-09-24,677.3652003722646,crypto30_market_cap_weighted
2025-09-25,646.3007434519067,crypto30_market_cap_weighted
2025-09-26,655.1421088912971,crypto30_market_cap_weighted
2025-09-27,654.8433670094381,crypto30_market_cap_weighted
2025-09-28,670.6384422338141,crypto30_market_cap_weighted
2025-09-29,682.5580380563323,crypto30_market_cap_weighted
2025-09-30,678.5401313888054,crypto30_market_cap_weighted
2025-10-01,706.4241139602358,crypto30_market_cap_weighted
2025-10-02,721.8144711064836,crypto30_market_cap_weighted
2025-10-03,732.1117041896442,crypto30_market_cap_weighted
2025-10-04,729.4989337947273,crypto30_market_cap_weighted
2025-10-05,735.2413517707881,crypto30_market_cap_weighted
2025-10-06,746.6987075521816,crypto30_market_cap_weighted
2025-10-07,725.4823748930346,crypto30_market_cap_weighted
2025-10-08,737.3828873024675,crypto30_market_cap_weighted
2025-10-09,723.8197015078536,crypto30_market_cap_weighted
2025-10-10,657.4750008453492,crypto30_market_cap_weighted
2025-10-11,646.3640824876293,crypto30_market_cap_weighted
2025-10-12,682.8596384625973,crypto30_market_cap_weighted
2025-10-13,688.2469347381245,crypto30_market_cap_weighted
2025-10-14,672.1590792553325,crypto30_market_cap_weighted
2025-10-15,655.9628542227344,crypto30_market_cap_weighted
2025-10-16,640.0220312225729,crypto30_market_cap_weighted
2025-10-17,627.930902520309,crypto30_market_cap_weighted
2025-10-18,634.4769314906807,crypto30_market_cap_weighted
2025-10-19,644.1363134420919,crypto30_market_cap_weighted
2025-10-20,653.7553235464189,crypto30_market_cap_weighted
2025-10-21,639.2355542939376,crypto30_market_cap_weighted
2025-10-22,633.4853779497336,crypto30_market_cap_weighted
2025-10-23,647.9755054507688,crypto30_market_cap_weighted
2025-10-24,654.8447381167651,crypto30_market_cap_weighted
2025-10-25,658.8799484042133,crypto30_market_cap_weighted
2025-10-26,678.3184469982982,crypto30_market_cap_weighted
2025-10-27,674.9069613387339,crypto30_market_cap_weighted
2025-10-28,664.7458404505337,crypto30_market_cap_weighted
2025-10-29,650.6013876973518,crypto30_market_cap_weighted
2025-10-30,637.297890058964,crypto30_market_cap_weighted
2025-10-31,645.3550420224947,crypto30_market_cap_weighted
2025-11-01,648.4864577783885,crypto30_market_cap_weighted
2025-11-02,651.1547250744819,crypto30_market_cap_weighted
2025-11-03,618.6868606742225,crypto30_market_cap_weighted
2025-11-04,586.5745458412662,crypto30_market_cap_weighted
2025-11-05,603.2262608374643,crypto30_market_cap_weighted
2025-11-06,587.4738814421464,crypto30_market_cap_weighted
2025-11-07,604.1066695509379,crypto30_market_cap_weighted
2025-11-08,598.1351785269045,crypto30_market_cap_weighted
2025-11-09,614.072401489006,crypto30_market_cap_weighted
2025-11-10,621.8209924264575,crypto30_market_cap_weighted
2025-11-11,601.332508177545,crypto30_market_cap_weighted
2025-11-12,594.7103070786877,crypto30_market_cap_weighted
2025-11-13,579.7065293911311,crypto30_market_cap_weighted
2025-11-14,552.952365843539,crypto30_market_cap_weighted
2025-11-15,559.3725180601089,crypto30_market_cap_weighted
2025-11-16,550.7426472667685,crypto30_market_cap_weighted
2025-11-17,538.6596063747504,crypto30_market_cap_weighted
2025-11-18,546.6317098857727,crypto30_market_cap_weighted
2025-11-19,535.5379320251417,crypto30_market_cap_weighted
2025-11-20,507.2463141953154,crypto30_market_cap_weighted
2025-11-21,496.7433703637493,crypto30_market_cap_weighted
2025-11-22,495.07328258314914,crypto30_market_cap_weighted
2025-11-23,506.376340928666,crypto30_market_cap_weighted
2025-11-24,519.7479732058174,crypto30_market_cap_weighted
2025-11-25,515.6454700638617,crypto30_market_cap_weighted
2025-11-26,532.0121727756168,crypto30_market_cap_weighted
2025-11-27,534.9617356046651,crypto30_market_cap_weighted
2025-11-28,532.4488365802545,crypto30_market_cap_weighted
2025-11-29,530.5761939775018,crypto30_market_cap_weighted
2025-11-30,528.0077409980697,crypto30_market_cap_weighted
2025-12-01,502.1879679340868,crypto30_market_cap_weighted
2025-12-02,532.8428464859049,crypto30_market_cap_weighted
2025-12-03,549.0737648331603,crypto30_market_cap_weighted
2025-12-04,539.7224870226402,crypto30_market_cap_weighted
2025-12-05,523.1592854154183,crypto30_market_cap_weighted
2025-12-06,523.3968553434681,crypto30_market_cap_weighted
2025-12-07,528.9174317013494,crypto30_market_cap_weighted
2025-12-08,531.9485964510591,crypto30_market_cap_weighted
2025-12-09,546.3755142216813,crypto30_market_cap_weighted
2025-12-10,542.1309796005089,crypto30_market_cap_weighted
2025-12-11,541.7643799174084,crypto30_market_cap_weighted
2025-12-12,527.6647272074372,crypto30_market_cap_weighted
2025-12-13,528.888743542565,crypto30_market_cap_weighted
2025-12-14,517.2233695547703,crypto30_market_cap_weighted
2025-12-15,505.7620903276605,crypto30_market_cap_weighted
2025-12-16,512.874988418938,crypto30_market_cap_weighted
2025-12-17,500.42950665945807,crypto30_market_cap_weighted
2025-12-18,495.4881512443782,crypto30_market_cap_weighted
2025-12-19,513.4954792569847,crypto30_market_cap_weighted
2025-12-20,514.626516796349,crypto30_market_cap_weighted
2025-12-21,516.2846254517194,crypto30_market_cap_weighted
2025-12-22,516.1637647153324,crypto30_market_cap_weighted
2025-12-23,509.2396811697059,crypto30_market_cap_weighted
2025-12-24,509.1479324713251,crypto30_market_cap_weighted
2025-12-25,505.03687888505596,crypto30_market_cap_weighted
2025-12-26,506.92395948489,crypto30_market_cap_weighted
2025-12-27,511.23614205400514,crypto30_market_cap_weighted
2025-12-28,511.86183585704237,crypto30_market_cap_weighted
2025-12-29,507.5768660444434,crypto30_market_cap_weighted
2025-12-30,514.2961731741782,crypto30_market_cap_weighted
2025-12-31,509.80917313069887,crypto30_market_cap_weighted
2026-01-01,517.30404045748,crypto30_market_cap_weighted
2026-01-02,528.5049004316678,crypto30_market_cap_weighted
2026-01-03,531.8490368619997,crypto30_market_cap_weighted
2026-01-04,537.6785254076664,crypto30_market_cap_weighted
2026-01-05,553.2995761037059,crypto30_market_cap_weighted
2026-01-06,554.4343861581024,crypto30_market_cap_weighted
2026-01-07,538.8206391423927,crypto30_market_cap_weighted
2026-01-08,535.5559008864186,crypto30_market_cap_weighted
2026-01-09,532.7787261832358,crypto30_market_cap_weighted
2026-01-10,532.377128461197,crypto30_market_cap_weighted
2026-01-11,535.3168786267646,crypto30_market_cap_weighted
2026-01-12,535.3298079802203,crypto30_market_cap_weighted
2026-01-13,561.8931342141083,crypto30_market_cap_weighted
2026-01-14,568.7082870897889,crypto30_market_cap_weighted
2026-01-15,560.1039470260332,crypto30_market_cap_weighted
2026-01-16,559.6554510098669,crypto30_market_cap_weighted
2026-01-17,558.6250222818744,crypto30_market_cap_weighted
2026-01-18,549.1797183774199,crypto30_market_cap_weighted
2026-01-19,541.485903400373,crypto30_market_cap_weighted
2026-01-20,514.4963386655068,crypto30_market_cap_weighted
2026-01-21,521.2869777525584,crypto30_market_cap_weighted
2026-01-22,520.8059930888626,crypto30_market_cap_weighted
2026-01-23,520.7883100696663,crypto30_market_cap_weighted
2026-01-24,518.8380849394946,crypto30_market_cap_weighted
2026-01-25,502.1657312463135,crypto30_market_cap_weighted
2026-01-26,513.7736744024419,crypto30_market_cap_weighted
2026-01-27,520.785935202402,crypto30_market_cap_weighted
2026-01-28,520.4126973539658,crypto30_market_cap_weighted
2026-01-29,492.95597510046304,crypto30_market_cap_weighted
2026-01-30,487.38898011644477,crypto30_market_cap_weighted
2026-01-31,453.0551061275972,crypto30_market_cap_weighted
2026-02-01,439.5264382869205,crypto30_market_cap_weighted
2026-02-02,450.29422733561216,crypto30_market_cap_weighted
2026-02-03,433.5532728527004,crypto30_market_cap_weighted
2026-02-04,417.8038417165777,crypto30_market_cap_weighted
2026-02-05,358.4317198194266,crypto30_market_cap_weighted
2026-02-06,402.5314563833013,crypto30_market_cap_weighted
2026-02-07,397.09335404792495,crypto30_market_cap_weighted
2026-02-08,401.0778853027246,crypto30_market_cap_weighted
2026-02-09,400.5692511268255,crypto30_market_cap_weighted
2026-02-10,391.63242998203964,crypto30_market_cap_weighted
2026-02-11,381.1249676399349,crypto30_market_cap_weighted
2026-02-12,378.26785955075945,crypto30_market_cap_weighted
2026-02-13,393.3443813710878,crypto30_market_cap_weighted
2026-02-14,401.17687795814385,crypto30_market_cap_weighted
2026-02-15,392.5438129972986,crypto30_market_cap_weighted
2026-02-16,394.21210856325087,crypto30_market_cap_weighted
2026-02-17,387.54800062124843,crypto30_market_cap_weighted
2026-02-18,380.70502935508557,crypto30_market_cap_weighted
2026-02-19,382.79087773312074,crypto30_market_cap_weighted
2026-02-20,388.7558967349744,crypto30_market_cap_weighted
2026-02-21,388.75282651727747,crypto30_market_cap_weighted
2026-02-22,385.7523573438388,crypto30_market_cap_weighted
2026-02-23,368.73232591139913,crypto30_market_cap_weighted
2026-02-24,365.7741959181593,crypto30_market_cap_weighted
2026-02-25,391.5841458222373,crypto30_market_cap_weighted
2026-02-26,387.7740573325034,crypto30_market_cap_weighted
2026-02-27,377.0777429292121,crypto30_market_cap_weighted
2026-02-28,383.10369964382033,crypto30_market_cap_weighted
2026-03-01,376.7960454499309,crypto30_market_cap_weighted
2026-03-02,393.0864198516818,crypto30_market_cap_weighted
2026-03-03,389.30467277924845,crypto30_market_cap_weighted
2026-03-04,413.2832800786381,crypto30_market_cap_weighted
2026-03-05,403.5700556161411,crypto30_market_cap_weighted
2026-03-06,388.03748510906667,crypto30_market_cap_weighted
2026-03-07,383.7638102417205,crypto30_market_cap_weighted
2026-03-08,376.9446223513976,crypto30_market_cap_weighted
2026-03-09,389.86937487824594,crypto30_market_cap_weighted
2026-03-10,397.9703337815227,crypto30_market_cap_weighted
2026-03-11,399.84699526186904,crypto30_market_cap_weighted
2026-03-12,401.9085516002102,crypto30_market_cap_weighted
2026-03-13,404.57874740320176,crypto30_market_cap_weighted
2026-03-14,406.0382638255288,crypto30_market_cap_weighted
2026-03-15,416.238651962471,crypto30_market_cap_weighted
2026-03-16,431.2776902310219,crypto30_market_cap_weighted
2026-03-17,425.63155901015017,crypto30_market_cap_weighted
2026-03-18,409.77276497191406,crypto30_market_cap_weighted
2026-03-19,401.76536110770155,crypto30_market_cap_weighted
2026-03-20,404.79027141692814,crypto30_market_cap_weighted
2026-03-21,395.4655560407169,crypto30_market_cap_weighted
2026-03-22,389.54350514614595,crypto30_market_cap_weighted
2026-03-23,406.48812224549584,crypto30_market_cap_weighted
2026-03-24,404.98752931092633,crypto30_market_cap_weighted
2026-03-25,409.1084503851585,crypto30_market_cap_weighted
2026-03-26,393.8084786742297,crypto30_market_cap_weighted
2026-03-27,380.72894086618356,crypto30_market_cap_weighted
2026-03-28,380.6549088476884,crypto30_market_cap_weighted
2026-03-29,378.48713537533,crypto30_market_cap_weighted
2026-03-30,383.0102430308263,crypto30_market_cap_weighted
2026-03-31,391.4829965450773,crypto30_market_cap_weighted
2026-04-01,391.38956681578094,crypto30_market_cap_weighted
2026-04-02,382.82088619413526,crypto30_market_cap_weighted
2026-04-03,383.45562331446934,crypto30_market_cap_weighted
2026-04-04,385.35167131575884,crypto30_market_cap_weighted
2026-04-05,394.03919622702495,crypto30_market_cap_weighted
2026-04-06,392.6988046516388,crypto30_market_cap_weighted
2026-04-07,410.97638447058404,crypto30_market_cap_weighted
2026-04-08,404.62670676412233,crypto30_market_cap_weighted
2026-04-09,407.91869697347624,crypto30_market_cap_weighted
2026-04-10,414.5180255587631,crypto30_market_cap_weighted
2026-04-11,415.8037497152485,crypto30_market_cap_weighted
2026-04-12,402.59956989834143,crypto30_market_cap_weighted
2026-04-13,424.1405338170381,crypto30_market_cap_weighted
2026-04-14,421.0574626017528,crypto30_market_cap_weighted
2026-04-15,425.85307656530216,crypto30_market_cap_weighted
2026-04-16,429.37231011919437,crypto30_market_cap_weighted
2026-04-17,439.29014729976626,crypto30_market_cap_weighted
2026-04-18,430.2869938472458,crypto30_market_cap_weighted
2026-04-19,419.0245160370473,crypto30_market_cap_weighted
2026-04-20,429.86849216187204,crypto30_market_cap_weighted
2026-04-21,432.68821143973514,crypto30_market_cap_weighted
2026-04-22,441.4423169145075,crypto30_market_cap_weighted
2026-04-23,440.8573423056822,crypto30_market_cap_weighted
2026-04-24,436.9990371048955,crypto30_market_cap_weighted
2026-04-25,437.45801019858277,crypto30_market_cap_weighted
2026-04-26,443.30440086278395,crypto30_market_cap_weighted
2026-04-27,435.50340327246573,crypto30_market_cap_weighted
2026-04-28,430.47687169895516,crypto30_market_cap_weighted
2026-04-29,426.9241058148568,crypto30_market_cap_weighted
2026-04-30,429.3598637036123,crypto30_market_cap_weighted
2026-05-01,438.318131388991,crypto30_market_cap_weighted
2026-05-02,441.05058439156426,crypto30_market_cap_weighted
2026-05-03,440.6439952963344,crypto30_market_cap_weighted
2026-05-04,447.0983139289566,crypto30_market_cap_weighted
2026-05-05,453.3359583013719,crypto30_market_cap_weighted
2026-05-06,457.01366048301935,crypto30_market_cap_weighted
2026-05-07,448.7160095019102,crypto30_market_cap_weighted
2026-05-08,451.66836980570224,crypto30_market_cap_weighted
2026-05-09,454.19493498172534,crypto30_market_cap_weighted
2026-05-10,463.7262252012426,crypto30_market_cap_weighted
2026-05-11,461.17618195507976,crypto30_market_cap_weighted
2026-05-12,455.92305990708104,crypto30_market_cap_weighted
